id,first_name,last_name,email,gender
1,Alice,Castillo,acastillo0@qq.com,Female
2,Christopher,Cruz,ccruz1@phoca.cz,Male
3,Thomas,Watkins,twatkins2@nature.com,Male
4,Joshua,Perez,jperez3@yale.edu,Male
5,Jack,Black,jblack4@cpanel.net,Male
6,Albert,Roberts,aroberts5@theatlantic.com,Male
7,Jane,Wilson,jwilson6@last.fm,Female
8,Christine,Hall,chall7@blogger.com,Female
9,Carol,Ramirez,cramirez8@dion.ne.jp,Female
10,Catherine,Taylor,ctaylor9@pbs.org,Female
11,Brandon,Stevens,bstevensa@hibu.com,Male
12,Joan,Meyer,jmeyerb@imgur.com,Female
13,Nicholas,Willis,nwillisc@twitpic.com,Male
14,Harold,Hicks,hhicksd@skype.com,Male
15,Andrew,Burton,aburtone@ucoz.com,Male
16,Roger,Harvey,rharveyf@unicef.org,Male
17,Peter,Garza,pgarzag@senate.gov,Male
18,George,Frazier,gfrazierh@vkontakte.ru,Male
19,Nicole,Carr,ncarri@senate.gov,Female
20,Janet,Young,jyoungj@nba.com,Female
21,Katherine,Martinez,kmartinezk@rediff.com,Female
22,Betty,Gordon,bgordonl@webs.com,Female
23,Eugene,Wilson,ewilsonm@bravesites.com,Male
24,Lillian,Roberts,lrobertsn@mysql.com,Female
25,Marilyn,James,mjameso@craigslist.org,Female
26,Patrick,Pierce,ppiercep@earthlink.net,Male
27,Scott,Henry,shenryq@skyrock.com,Male
28,Lisa,Burton,lburtonr@free.fr,Female
29,Judy,Henry,jhenrys@ezinearticles.com,Female
30,Michael,Simpson,msimpsont@newyorker.com,Male
31,Roy,Lewis,rlewisu@springer.com,Male
32,Judith,Stewart,jstewartv@usgs.gov,Female
33,Marilyn,Bowman,mbowmanw@reference.com,Female
34,Donna,Powell,dpowellx@rambler.ru,Female
35,Debra,Hall,dhally@bigcartel.com,Female
36,Anna,Edwards,aedwardsz@narod.ru,Female
37,Carlos,Long,clong10@howstuffworks.com,Male
38,Julie,Baker,jbaker11@cbslocal.com,Female
39,Fred,Stone,fstone12@unblog.fr,Male
40,Timothy,Warren,twarren13@i2i.jp,Male
41,Rachel,Williamson,rwilliamson14@deliciousdays.com,Female
42,Denise,Willis,dwillis15@miitbeian.gov.cn,Female
43,George,Martinez,gmartinez16@is.gd,Male
44,Paul,Tucker,ptucker17@vinaora.com,Male
45,Annie,Jordan,ajordan18@shareasale.com,Female
46,George,Watson,gwatson19@bluehost.com,Male
47,Christina,Hernandez,chernandez1a@xing.com,Female
48,Harry,Stephens,hstephens1b@comcast.net,Male
49,Richard,Griffin,rgriffin1c@over-blog.com,Male
50,Andrew,Myers,amyers1d@vimeo.com,Male
51,Martin,Thompson,mthompson1e@economist.com,Male
52,Rachel,Russell,rrussell1f@washingtonpost.com,Female
53,Nancy,James,njames1g@cafepress.com,Female
54,Betty,Jenkins,bjenkins1h@wikimedia.org,Female
55,Kelly,Woods,kwoods1i@topsy.com,Female
56,Thomas,Wells,twells1j@blogs.com,Male
57,Judy,Long,jlong1k@nymag.com,Female
58,Robert,Barnes,rbarnes1l@huffingtonpost.com,Male
59,Elizabeth,Kelly,ekelly1m@phoca.cz,Female
60,Virginia,Hamilton,vhamilton1n@latimes.com,Female
61,Angela,Hall,ahall1o@canalblog.com,Female
62,Walter,Sims,wsims1p@dyndns.org,Male
63,Irene,Willis,iwillis1q@cafepress.com,Female
64,Steve,Hamilton,shamilton1r@google.ca,Male
65,Stephanie,Martin,smartin1s@ft.com,Female
66,Margaret,Larson,mlarson1t@prnewswire.com,Female
67,Chris,Ross,cross1u@addtoany.com,Male
68,Julia,Dunn,jdunn1v@prnewswire.com,Female
69,Fred,Gilbert,fgilbert1w@issuu.com,Male
70,Henry,Nelson,hnelson1x@about.com,Male
71,Chris,Garrett,cgarrett1y@storify.com,Male
72,Christina,Wilson,cwilson1z@guardian.co.uk,Female
73,Rebecca,Lewis,rlewis20@chronoengine.com,Female
74,Janet,Dixon,jdixon21@elpais.com,Female
75,Jeffrey,Myers,jmyers22@hp.com,Male
76,Willie,Reid,wreid23@posterous.com,Male
77,Ann,Martin,amartin24@cpanel.net,Female
78,Jimmy,Ellis,jellis25@elpais.com,Male
79,Steve,Sullivan,ssullivan26@howstuffworks.com,Male
80,Irene,Sims,isims27@tiny.cc,Female
81,Tammy,Murphy,tmurphy28@photobucket.com,Female
82,Victor,White,vwhite29@devhub.com,Male
83,Cynthia,Howell,chowell2a@prweb.com,Female
84,Donald,Riley,driley2b@ifeng.com,Male
85,Howard,Berry,hberry2c@cbsnews.com,Male
86,Clarence,Stanley,cstanley2d@issuu.com,Male
87,Howard,Carter,hcarter2e@wiley.com,Male
88,Joyce,Parker,jparker2f@hao123.com,Female
89,Victor,Perez,vperez2g@chicagotribune.com,Male
90,Chris,Day,cday2h@yellowbook.com,Male
91,Douglas,Peterson,dpeterson2i@webs.com,Male
92,Mark,Andrews,mandrews2j@japanpost.jp,Male
93,Helen,Hanson,hhanson2k@facebook.com,Female
94,Sandra,Morgan,smorgan2l@diigo.com,Female
95,Lisa,Ryan,lryan2m@ameblo.jp,Female
96,Mark,Vasquez,mvasquez2n@ucla.edu,Male
97,Ashley,Ellis,aellis2o@devhub.com,Female
98,Gary,Fields,gfields2p@livejournal.com,Male
99,Paula,Oliver,poliver2q@xing.com,Female
100,Janice,Fisher,jfisher2r@cmu.edu,Female
101,Joshua,Andrews,jandrews2s@nydailynews.com,Male
102,Jose,Wallace,jwallace2t@about.com,Male
103,Laura,Woods,lwoods2u@vinaora.com,Female
104,Lillian,Henry,lhenry2v@loc.gov,Female
105,Linda,Rivera,lrivera2w@blogspot.com,Female
106,Kenneth,Daniels,kdaniels2x@fastcompany.com,Male
107,Anna,Grant,agrant2y@technorati.com,Female
108,Cynthia,Harris,charris2z@bravesites.com,Female
109,Anna,Fowler,afowler30@last.fm,Female
110,Jacqueline,Howard,jhoward31@boston.com,Female
111,Sharon,Carroll,scarroll32@webmd.com,Female
112,Laura,Howell,lhowell33@fda.gov,Female
113,Dennis,Cox,dcox34@seesaa.net,Male
114,Carlos,Moreno,cmoreno35@princeton.edu,Male
115,Ruth,Mendoza,rmendoza36@last.fm,Female
116,Bruce,Snyder,bsnyder37@plala.or.jp,Male
117,Harry,Hunter,hhunter38@fda.gov,Male
118,Linda,Wells,lwells39@aol.com,Female
119,Lori,Hansen,lhansen3a@free.fr,Female
120,Judy,Sims,jsims3b@illinois.edu,Female
121,Sean,Reynolds,sreynolds3c@bbc.co.uk,Male
122,Tammy,Scott,tscott3d@webnode.com,Female
123,Douglas,Stewart,dstewart3e@wix.com,Male
124,Julie,Welch,jwelch3f@barnesandnoble.com,Female
125,William,Ferguson,wferguson3g@livejournal.com,Male
126,Robert,Murray,rmurray3h@reddit.com,Male
127,Julie,Alexander,jalexander3i@theguardian.com,Female
128,Tina,Peters,tpeters3j@bluehost.com,Female
129,Jean,Dunn,jdunn3k@theguardian.com,Female
130,Pamela,Garcia,pgarcia3l@google.it,Female
131,Steven,Arnold,sarnold3m@tinyurl.com,Male
132,Lawrence,Alvarez,lalvarez3n@ask.com,Male
133,Russell,Nichols,rnichols3o@youtube.com,Male
134,Laura,Nichols,lnichols3p@sbwire.com,Female
135,Billy,Robinson,brobinson3q@wiley.com,Male
136,Denise,Boyd,dboyd3r@google.it,Female
137,Nicholas,Martin,nmartin3s@istockphoto.com,Male
138,Walter,Matthews,wmatthews3t@instagram.com,Male
139,Jessica,Perry,jperry3u@ow.ly,Female
140,Craig,Hall,chall3v@elpais.com,Male
141,Charles,Carr,ccarr3w@patch.com,Male
142,Norma,Williamson,nwilliamson3x@over-blog.com,Female
143,Ryan,Woods,rwoods3y@discovery.com,Male
144,Jack,Chapman,jchapman3z@cbc.ca,Male
145,Annie,Green,agreen40@vistaprint.com,Female
146,Jessica,Weaver,jweaver41@so-net.ne.jp,Female
147,Linda,Lewis,llewis42@topsy.com,Female
148,Barbara,Ortiz,bortiz43@census.gov,Female
149,Michelle,Ford,mford44@linkedin.com,Female
150,Annie,Wagner,awagner45@businessweek.com,Female
151,Timothy,Butler,tbutler46@stanford.edu,Male
152,Bonnie,Rice,brice47@360.cn,Female
153,Katherine,Olson,kolson48@microsoft.com,Female
154,Rachel,Gray,rgray49@ning.com,Female
155,Gloria,Reed,greed4a@icq.com,Female
156,Jane,Fields,jfields4b@github.io,Female
157,Jean,Hawkins,jhawkins4c@woothemes.com,Female
158,Robert,Brown,rbrown4d@boston.com,Male
159,Frank,Gibson,fgibson4e@cpanel.net,Male
160,Virginia,Carr,vcarr4f@dyndns.org,Female
161,Roger,Carr,rcarr4g@netscape.com,Male
162,Jennifer,Hayes,jhayes4h@usgs.gov,Female
163,Louise,Garcia,lgarcia4i@jugem.jp,Female
164,Steve,Garrett,sgarrett4j@sciencedaily.com,Male
165,Alice,Wagner,awagner4k@abc.net.au,Female
166,Patricia,Schmidt,pschmidt4l@redcross.org,Female
167,Joyce,Warren,jwarren4m@google.com.au,Female
168,Thomas,Rodriguez,trodriguez4n@guardian.co.uk,Male
169,Paul,Robertson,probertson4o@discovery.com,Male
170,Theresa,Thompson,tthompson4p@time.com,Female
171,Patricia,Griffin,pgriffin4q@foxnews.com,Female
172,John,Andrews,jandrews4r@bbc.co.uk,Male
173,George,Collins,gcollins4s@pcworld.com,Male
174,Anna,Scott,ascott4t@webnode.com,Female
175,Kathryn,Harvey,kharvey4u@oaic.gov.au,Female
176,Ruby,Burns,rburns4v@php.net,Female
177,Catherine,King,cking4w@cbsnews.com,Female
178,Emily,Dean,edean4x@newyorker.com,Female
179,Ann,Sullivan,asullivan4y@loc.gov,Female
180,Roy,Ramirez,rramirez4z@wikipedia.org,Male
181,Jimmy,Garcia,jgarcia50@php.net,Male
182,George,Knight,gknight51@hugedomains.com,Male
183,Evelyn,Fernandez,efernandez52@guardian.co.uk,Female
184,Kenneth,Lopez,klopez53@4shared.com,Male
185,Jerry,Little,jlittle54@nbcnews.com,Male
186,Frank,Duncan,fduncan55@cyberchimps.com,Male
187,Roy,Howell,rhowell56@eventbrite.com,Male
188,Edward,Rodriguez,erodriguez57@chronoengine.com,Male
189,Steven,Young,syoung58@ustream.tv,Male
190,Donald,Ortiz,dortiz59@plala.or.jp,Male
191,Shawn,Wheeler,swheeler5a@bravesites.com,Male
192,Raymond,Brooks,rbrooks5b@t.co,Male
193,Julie,Cooper,jcooper5c@oracle.com,Female
194,Roger,Kim,rkim5d@walmart.com,Male
195,Arthur,Hamilton,ahamilton5e@ox.ac.uk,Male
196,Aaron,Little,alittle5f@opera.com,Male
197,Johnny,Stephens,jstephens5g@reference.com,Male
198,Timothy,Perry,tperry5h@jimdo.com,Male
199,Donna,Medina,dmedina5i@naver.com,Female
200,Janet,Morales,jmorales5j@army.mil,Female
201,Gloria,Lynch,glynch5k@answers.com,Female
202,Sharon,Perkins,sperkins5l@senate.gov,Female
203,Irene,Morales,imorales5m@yale.edu,Female
204,James,Berry,jberry5n@deliciousdays.com,Male
205,Clarence,Carter,ccarter5o@imageshack.us,Male
206,Todd,Webb,twebb5p@census.gov,Male
207,Marilyn,Smith,msmith5q@opensource.org,Female
208,Frank,Montgomery,fmontgomery5r@stanford.edu,Male
209,Kimberly,Ward,kward5s@is.gd,Female
210,Diane,Reyes,dreyes5t@homestead.com,Female
211,Norma,Howell,nhowell5u@sfgate.com,Female
212,Paula,Butler,pbutler5v@cam.ac.uk,Female
213,Heather,Lawrence,hlawrence5w@sourceforge.net,Female
214,Joshua,Welch,jwelch5x@liveinternet.ru,Male
215,Janet,Johnston,jjohnston5y@jalbum.net,Female
216,David,Lawson,dlawson5z@house.gov,Male
217,Kelly,Harrison,kharrison60@apple.com,Female
218,Jacqueline,Scott,jscott61@google.com.hk,Female
219,Tina,Miller,tmiller62@loc.gov,Female
220,Willie,Ferguson,wferguson63@sphinn.com,Male
221,Phillip,Gonzalez,pgonzalez64@godaddy.com,Male
222,Stephanie,Owens,sowens65@github.io,Female
223,Edward,Peterson,epeterson66@bbc.co.uk,Male
224,Debra,Fuller,dfuller67@vk.com,Female
225,Joe,Wallace,jwallace68@marriott.com,Male
226,Ann,Harvey,aharvey69@mysql.com,Female
227,Henry,Burke,hburke6a@uiuc.edu,Male
228,Raymond,Russell,rrussell6b@cnet.com,Male
229,Roger,Larson,rlarson6c@prweb.com,Male
230,Martin,Johnson,mjohnson6d@dailymail.co.uk,Male
231,Judy,Watson,jwatson6e@nyu.edu,Female
232,Aaron,Harvey,aharvey6f@google.fr,Male
233,Mildred,Vasquez,mvasquez6g@toplist.cz,Female
234,Susan,Mitchell,smitchell6h@bbc.co.uk,Female
235,Jacqueline,Garrett,jgarrett6i@blogger.com,Female
236,Joe,Watson,jwatson6j@typepad.com,Male
237,Roger,Carr,rcarr6k@theglobeandmail.com,Male
238,Julie,Wheeler,jwheeler6l@globo.com,Female
239,Thomas,Daniels,tdaniels6m@umn.edu,Male
240,Anne,Cunningham,acunningham6n@pen.io,Female
241,Donna,Crawford,dcrawford6o@si.edu,Female
242,Theresa,Williamson,twilliamson6p@newsvine.com,Female
243,Mary,Howard,mhoward6q@washington.edu,Female
244,Kimberly,Edwards,kedwards6r@google.com.au,Female
245,Earl,Powell,epowell6s@dailymotion.com,Male
246,Sarah,Mccoy,smccoy6t@pagesperso-orange.fr,Female
247,Tammy,Washington,twashington6u@businessinsider.com,Female
248,Brian,Hanson,bhanson6v@pagesperso-orange.fr,Male
249,Jessica,Ford,jford6w@dell.com,Female
250,Ashley,Reed,areed6x@sciencedaily.com,Female
251,Michael,Gomez,mgomez6y@nps.gov,Male
252,Gloria,Payne,gpayne6z@ocn.ne.jp,Female
253,Maria,Wilson,mwilson70@microsoft.com,Female
254,Frank,Robertson,frobertson71@arstechnica.com,Male
255,Cynthia,Spencer,cspencer72@wix.com,Female
256,Jane,Garrett,jgarrett73@oakley.com,Female
257,Diana,Morris,dmorris74@opensource.org,Female
258,Kathryn,Stanley,kstanley75@dell.com,Female
259,Virginia,Gonzalez,vgonzalez76@ustream.tv,Female
260,Roger,Ward,rward77@oracle.com,Male
261,Christina,Reed,creed78@cornell.edu,Female
262,Kenneth,Edwards,kedwards79@statcounter.com,Male
263,Diane,Duncan,dduncan7a@sina.com.cn,Female
264,Jennifer,Carr,jcarr7b@mozilla.com,Female
265,Lois,Foster,lfoster7c@issuu.com,Female
266,Philip,Austin,paustin7d@technorati.com,Male
267,Annie,Graham,agraham7e@globo.com,Female
268,Paul,Greene,pgreene7f@sitemeter.com,Male
269,Gloria,Alexander,galexander7g@meetup.com,Female
270,Laura,Powell,lpowell7h@sogou.com,Female
271,Jose,Ross,jross7i@aol.com,Male
272,Julie,Watson,jwatson7j@economist.com,Female
273,Gary,Hall,ghall7k@csmonitor.com,Male
274,Jose,Hughes,jhughes7l@a8.net,Male
275,Sharon,Cox,scox7m@netvibes.com,Female
276,Helen,Coleman,hcoleman7n@ebay.co.uk,Female
277,Jerry,Ward,jward7o@tuttocitta.it,Male
278,Maria,Patterson,mpatterson7p@hhs.gov,Female
279,Evelyn,Campbell,ecampbell7q@prweb.com,Female
280,Edward,Larson,elarson7r@t-online.de,Male
281,Chris,Woods,cwoods7s@newsvine.com,Male
282,Doris,Robertson,drobertson7t@bbb.org,Female
283,Janet,Jackson,jjackson7u@hc360.com,Female
284,Debra,Kim,dkim7v@github.com,Female
285,Tina,Reynolds,treynolds7w@ovh.net,Female
286,Henry,Moreno,hmoreno7x@spiegel.de,Male
287,Alice,Cruz,acruz7y@booking.com,Female
288,Lois,Montgomery,lmontgomery7z@virginia.edu,Female
289,Judy,Graham,jgraham80@globo.com,Female
290,Jennifer,Johnson,jjohnson81@liveinternet.ru,Female
291,Ruth,Hayes,rhayes82@hatena.ne.jp,Female
292,Deborah,Johnston,djohnston83@timesonline.co.uk,Female
293,Keith,George,kgeorge84@bigcartel.com,Male
294,Joan,Ray,jray85@weibo.com,Female
295,Willie,Ferguson,wferguson86@cafepress.com,Male
296,William,Tucker,wtucker87@baidu.com,Male
297,Christine,Morgan,cmorgan88@free.fr,Female
298,Timothy,Johnson,tjohnson89@cbc.ca,Male
299,Annie,Chapman,achapman8a@fastcompany.com,Female
300,Louis,Perez,lperez8b@senate.gov,Male
